{
  "s1": {
    "neutral": 54.0,
    "gain": 1.0,
    "offset": 4.200000000000003,
    "min": 10,
    "max": 100
  },
  "s2": {
    "neutral": 54.0,
    "gain": 1.0,
    "offset": -12.900000000000007,
    "min": 10,
    "max": 100
  },
  "s3": {
    "neutral": 54.0,
    "gain": 1.0,
    "offset": -1.7000000000000004,
    "min": 10,
    "max": 100
  }
}