{
  "s1": {
    "neutral": 54.0,
    "gain": 1.0,
    "offset": 3.0,
    "zero": 61.92366197822022,
    "min": 10,
    "max": 100
  },
  "s2": {
    "neutral": 54.0,
    "gain": 1.0,
    "offset": -7.0,
    "zero": 61.92366197822024,
    "min": 10,
    "max": 100
  },
  "s3": {
    "neutral": 54.0,
    "gain": 1.0,
    "offset": 2.0,
    "zero": 61.92366197822022,
    "min": 10,
    "max": 100
  }
}