{
  "kp": 0.0063,
  "ki": 0.00005,
  "kd": 0.006025,
  "alpha": 0.65,
  "beta": 0.3
}